{
    "name": "Raekor Renderer",
    "display": 1,
    "vsync": true,
    "font": "assets/system/Inter-Medium.ttf",
    "defaultScene": "assets/scenes/sponza_glossy.scene",
    "themeColors": {
        "value0": {
            "value0": 1.0,
            "value1": 1.0,
            "value2": 1.0,
            "value3": 1.0
        },
        "value1": {
            "value0": 0.5,
            "value1": 0.5,
            "value2": 0.5,
            "value3": 1.0
        },
        "value2": {
            "value0": 0.10980392247438431,
            "value1": 0.10980392247438431,
            "value2": 0.10980392247438431,
            "value3": 1.0
        },
        "value3": {
            "value0": 1.0,
            "value1": 1.0,
            "value2": 1.0,
            "value3": 0.0
        },
        "value4": {
            "value0": 0.07999999821186066,
            "value1": 0.07999999821186066,
            "value2": 0.07999999821186066,
            "value3": 0.9399999976158142
        },
        "value5": {
            "value0": 0.4300000071525574,
            "value1": 0.4300000071525574,
            "value2": 0.5,
            "value3": 0.5
        },
        "value6": {
            "value0": 0.0,
            "value1": 0.0,
            "value2": 0.0,
            "value3": 0.0
        },
        "value7": {
            "value0": 0.0470588244497776,
            "value1": 0.0470588244497776,
            "value2": 0.0470588244497776,
            "value3": 0.7843137383460999
        },
        "value8": {
            "value0": 0.37254902720451357,
            "value1": 0.37254902720451357,
            "value2": 0.37254902720451357,
            "value3": 0.37254902720451357
        },
        "value9": {
            "value0": 0.06637167930603028,
            "value1": 0.06637167930603028,
            "value2": 0.06637167930603028,
            "value3": 0.6700000166893005
        },
        "value10": {
            "value0": 0.0,
            "value1": 0.0,
            "value2": 0.0,
            "value3": 1.0
        },
        "value11": {
            "value0": 0.0,
            "value1": 0.0,
            "value2": 0.0,
            "value3": 1.0
        },
        "value12": {
            "value0": 0.0,
            "value1": 0.0,
            "value2": 0.0,
            "value3": 0.5099999904632568
        },
        "value13": {
            "value0": 0.0,
            "value1": 0.0,
            "value2": 0.0,
            "value3": 1.0
        },
        "value14": {
            "value0": 0.019999999552965165,
            "value1": 0.019999999552965165,
            "value2": 0.019999999552965165,
            "value3": 0.5299999713897705
        },
        "value15": {
            "value0": 0.3100000023841858,
            "value1": 0.3100000023841858,
            "value2": 0.3100000023841858,
            "value3": 1.0
        },
        "value16": {
            "value0": 0.4099999964237213,
            "value1": 0.4099999964237213,
            "value2": 0.4099999964237213,
            "value3": 1.0
        },
        "value17": {
            "value0": 0.5099999904632568,
            "value1": 0.5099999904632568,
            "value2": 0.5099999904632568,
            "value3": 1.0
        },
        "value18": {
            "value0": 1.0,
            "value1": 0.6902654767036438,
            "value2": 0.0,
            "value3": 1.0
        },
        "value19": {
            "value0": 0.5099999904632568,
            "value1": 0.5099999904632568,
            "value2": 0.5099999904632568,
            "value3": 1.0
        },
        "value20": {
            "value0": 0.8600000143051148,
            "value1": 0.8600000143051148,
            "value2": 0.8600000143051148,
            "value3": 1.0
        },
        "value21": {
            "value0": 0.4399999976158142,
            "value1": 0.4399999976158142,
            "value2": 0.4399999976158142,
            "value3": 0.4000000059604645
        },
        "value22": {
            "value0": 0.772549033164978,
            "value1": 0.4941176474094391,
            "value2": 0.0,
            "value3": 1.0
        },
        "value23": {
            "value0": 0.41999998688697817,
            "value1": 0.41999998688697817,
            "value2": 0.41999998688697817,
            "value3": 1.0
        },
        "value24": {
            "value0": 0.0,
            "value1": 0.0,
            "value2": 0.0,
            "value3": 1.0
        },
        "value25": {
            "value0": 0.772549033164978,
            "value1": 0.4941176474094391,
            "value2": 0.0,
            "value3": 1.0
        },
        "value26": {
            "value0": 0.0,
            "value1": 0.0,
            "value2": 0.0,
            "value3": 1.0
        },
        "value27": {
            "value0": 0.05999999865889549,
            "value1": 0.05999999865889549,
            "value2": 0.05999999865889549,
            "value3": 0.9399999976158142
        },
        "value28": {
            "value0": 0.7200000286102295,
            "value1": 0.7200000286102295,
            "value2": 0.7200000286102295,
            "value3": 0.37999996542930605
        },
        "value29": {
            "value0": 0.5099999904632568,
            "value1": 0.5099999904632568,
            "value2": 0.5099999904632568,
            "value3": 1.0
        },
        "value30": {
            "value0": 0.9100000262260437,
            "value1": 0.9100000262260437,
            "value2": 0.9100000262260437,
            "value3": 0.25
        },
        "value31": {
            "value0": 0.8100000023841858,
            "value1": 0.8100000023841858,
            "value2": 0.8100000023841858,
            "value3": 0.6700000166893005
        },
        "value32": {
            "value0": 0.46000000834465029,
            "value1": 0.46000000834465029,
            "value2": 0.46000000834465029,
            "value3": 0.949999988079071
        },
        "value33": {
            "value0": 0.10980392247438431,
            "value1": 0.10980392247438431,
            "value2": 0.10980392247438431,
            "value3": 1.0
        },
        "value34": {
            "value0": 1.0,
            "value1": 0.6428571343421936,
            "value2": 0.0,
            "value3": 1.0
        },
        "value35": {
            "value0": 0.7743362784385681,
            "value1": 0.49338239431381228,
            "value2": 0.0,
            "value3": 1.0
        },
        "value36": {
            "value0": 0.0470588244497776,
            "value1": 0.0470588244497776,
            "value2": 0.0470588244497776,
            "value3": 1.0
        },
        "value37": {
            "value0": 0.11061948537826538,
            "value1": 0.11061948537826538,
            "value2": 0.11061948537826538,
            "value3": 1.0
        },
        "value38": {
            "value0": 0.25999999046325686,
            "value1": 0.5899999737739563,
            "value2": 0.9800000190734863,
            "value3": 0.699999988079071
        },
        "value39": {
            "value0": 0.20000000298023225,
            "value1": 0.20000000298023225,
            "value2": 0.20000000298023225,
            "value3": 1.0
        },
        "value40": {
            "value0": 0.6100000143051148,
            "value1": 0.6100000143051148,
            "value2": 0.6100000143051148,
            "value3": 1.0
        },
        "value41": {
            "value0": 1.0,
            "value1": 0.4300000071525574,
            "value2": 0.3499999940395355,
            "value3": 1.0
        },
        "value42": {
            "value0": 0.7300000190734863,
            "value1": 0.6000000238418579,
            "value2": 0.15000000596046449,
            "value3": 1.0
        },
        "value43": {
            "value0": 1.0,
            "value1": 0.6000000238418579,
            "value2": 0.0,
            "value3": 1.0
        },
        "value44": {
            "value0": 0.8700000047683716,
            "value1": 0.8700000047683716,