{
    "name": "Raekor Renderer",
    "display": 1,
    "vsync": false,
    "font": "assets/system/Roboto-Regular.ttf",
    "defaultScene": "",
    "themeColors": {
        "value0": {
            "value0": 1.0,
            "value1": 1.0,
            "value2": 1.0,
            "value3": 1.0
        },
        "value1": {
            "value0": 0.5,
            "value1": 0.5,
            "value2": 0.5,
            "value3": 1.0
        },
        "value2": {
            "value0": 0.05999999865889549,
            "value1": 0.05999999865889549,
            "value2": 0.05999999865889549,
            "value3": 0.9399999976158142
        },
        "value3": {
            "value0": 1.0,
            "value1": 1.0,
            "value2": 1.0,
            "value3": 0.0
        },
        "value4": {
            "value0": 0.07999999821186066,
            "value1": 0.07999999821186066,
            "value2": 0.07999999821186066,
            "value3": 0.9399999976158142
        },
        "value5": {
            "value0": 0.4300000071525574,
            "value1": 0.4300000071525574,
            "value2": 0.5,
            "value3": 0.5
        },
        "value6": {
            "value0": 0.0,
            "value1": 0.0,
            "value2": 0.0,
            "value3": 0.0
        },
        "value7": {
            "value0": 0.20000000298023225,
            "value1": 0.20999999344348908,
            "value2": 0.2199999988079071,
            "value3": 0.5400000214576721
        },
        "value8": {
            "value0": 0.4000000059604645,
            "value1": 0.4000000059604645,
            "value2": 0.4000000059604645,
            "value3": 0.4000000059604645
        },
        "value9": {
            "value0": 0.18000000715255738,
            "value1": 0.18000000715255738,
            "value2": 0.18000000715255738,
            "value3": 0.6700000166893005
        },
        "value10": {
            "value0": 0.03999999910593033,
            "value1": 0.03999999910593033,
            "value2": 0.03999999910593033,
            "value3": 1.0
        },
        "value11": {
            "value0": 0.28999999165534975,
            "value1": 0.28999999165534975,
            "value2": 0.28999999165534975,
            "value3": 1.0
        },
        "value12": {
            "value0": 0.0,
            "value1": 0.0,
            "value2": 0.0,
            "value3": 0.5099999904632568
        },
        "value13": {
            "value0": 0.14000000059604646,
            "value1": 0.14000000059604646,
            "value2": 0.14000000059604646,
            "value3": 1.0
        },
        "value14": {
            "value0": 0.019999999552965165,
            "value1": 0.019999999552965165,
            "value2": 0.019999999552965165,
            "value3": 0.5299999713897705
        },
        "value15": {
            "value0": 0.3100000023841858,
            "value1": 0.3100000023841858,
            "value2": 0.3100000023841858,
            "value3": 1.0
        },
        "value16": {
            "value0": 0.4099999964237213,
            "value1": 0.4099999964237213,
            "value2": 0.4099999964237213,
            "value3": 1.0
        },
        "value17": {
            "value0": 0.5099999904632568,
            "value1": 0.5099999904632568,
            "value2": 0.5099999904632568,
            "value3": 1.0
        },
        "value18": {
            "value0": 0.9399999976158142,
            "value1": 0.9399999976158142,
            "value2": 0.9399999976158142,
            "value3": 1.0
        },
        "value19": {
            "value0": 0.5099999904632568,
            "value1": 0.5099999904632568,
            "value2": 0.5099999904632568,
            "value3": 1.0
        },
        "value20": {
            "value0": 0.8600000143051148,
            "value1": 0.8600000143051148,
            "value2": 0.8600000143051148,
            "value3": 1.0
        },
        "value21": {
            "value0": 0.4399999976158142,
            "value1": 0.4399999976158142,
            "value2": 0.4399999976158142,
            "value3": 0.4000000059604645
        },
        "value22": {
            "value0": 0.46000000834465029,
            "value1": 0.4699999988079071,
            "value2": 0.47999998927116396,
            "value3": 1.0
        },
        "value23": {
            "value0": 0.41999998688697817,
            "value1": 0.41999998688697817,
            "value2": 0.41999998688697817,
            "value3": 1.0
        },
        "value24": {
            "value0": 0.699999988079071,
            "value1": 0.699999988079071,
            "value2": 0.699999988079071,
            "value3": 0.3100000023841858
        },
        "value25": {
            "value0": 0.699999988079071,
            "value1": 0.699999988079071,
            "value2": 0.699999988079071,
            "value3": 0.800000011920929
        },
        "value26": {
            "value0": 0.47999998927116396,
            "value1": 0.5,
            "value2": 0.5199999809265137,
            "value3": 1.0
        },
        "value27": {
            "value0": 0.05999999865889549,
            "value1": 0.05999999865889549,
            "value2": 0.05999999865889549,
            "value3": 0.9399999976158142
        },
        "value28": {
            "value0": 0.7200000286102295,
            "value1": 0.7200000286102295,
            "value2": 0.7200000286102295,
            "value3": 0.37999996542930605
        },
        "value29": {
            "value0": 0.5099999904632568,
            "value1": 0.5099999904632568,
            "value2": 0.5099999904632568,
            "value3": 1.0
        },
        "value30": {
            "value0": 0.9100000262260437,
            "value1": 0.9100000262260437,
            "value2": 0.9100000262260437,
            "value3": 0.25
        },
        "value31": {
            "value0": 0.8100000023841858,
            "value1": 0.8100000023841858,
            "value2": 0.8100000023841858,
            "value3": 0.6700000166893005
        },
        "value32": {
            "value0": 0.46000000834465029,
            "value1": 0.46000000834465029,
            "value2": 0.46000000834465029,
            "value3": 0.949999988079071
        },
        "value33": {
            "value0": 0.28999999165534975,
            "value1": 0.28999999165534975,
            "value2": 0.28999999165534975,
            "value3": 1.0
        },
        "value34": {
            "value0": 0.07999999821186066,
            "value1": 0.07999999821186066,
            "value2": 0.07999999821186066,
            "value3": 1.0
        },
        "value35": {
            "value0": 0.03999999910593033,
            "value1": 0.03999999910593033,
            "value2": 0.03999999910593033,
            "value3": 1.0
        },
        "value36": {
            "value0": 0.03999999910593033,
            "value1": 0.03999999910593033,
            "value2": 0.03999999910593033,
            "value3": 1.0
        },
        "value37": {
            "value0": 0.03999999910593033,
            "value1": 0.03999999910593033,
            "value2": 0.03999999910593033,
            "value3": 1.0
        },
        "value38": {
            "value0": 0.25999999046325686,
            "value1": 0.5899999737739563,
            "value2": 0.9800000190734863,
            "value3": 0.699999988079071
        },
        "value39": {
            "value0": 0.20000000298023225,
            "value1": 0.20000000298023225,
            "value2": 0.20000000298023225,
            "value3": 1.0
        },
        "value40": {
            "value0": 0.6100000143051148,
            "value1": 0.6100000143051148,
            "value2": 0.6100000143051148,
            "value3": 1.0
        },
        "value41": {
            "value0": 1.0,
            "value1": 0.4300000071525574,
            "value2": 0.3499999940395355,
            "value3": 1.0
        },
        "value42": {
            "value0": 0.7300000190734863,
            "value1": 0.6000000238418579,